"Labour force characteristics by immigrant status, three-month moving average, unadjusted for seasonality (x 1,000) c 1"
"Frequency: Monthly"
"Table: 14-10-0082-01 (formerly CANSIM 282-0101)"
"Release date: 2023-04-06"
"Geography: Canada, Geographical region of Canada, Province or territory, Census metropolitan area"
""
""

"Geography 2","Canada",,,,,,,,,,,,,,,,,,,,,,,,,,,,,,,,,,,,,,,,,,,,,,,,,,,,,,,,,,,,,,,,,,,,,,,,,,,,,,,,,,,,,,,,,,,,,,,,,,,,,,,,,,,,,,,,,,,,,,,,,,,"Atlantic region",,,,,,,,,,,,,,,,,,,,,,,,,,,,,,,,,,,,,,,,,,,,,,,,,,,,,,,,,,,,,,,,,,,,,,,,,,,,,,,,,,,,,,,,,,,,,,,,,,,,,,,,,,,,,,,,,,,,,,,,,,,"Quebec",,,,,,,,,,,,,,,,,,,,,,,,,,,,,,,,,,,,,,,,,,,,,,,,,,,,,,,,,,,,,,,,,,,,,,,,,,,,,,,,,,,,,,,,,,,,,,,,,,,,,,,,,,,,,,,,,,,,,,,,,,,"Ontario",,,,,,,,,,,,,,,,,,,,,,,,,,,,,,,,,,,,,,,,,,,,,,,,,,,,,,,,,,,,,,,,,,,,,,,,,,,,,,,,,,,,,,,,,,,,,,,,,,,,,,,,,,,,,,,,,,,,,,,,,,,"Manitoba and Saskatchewan",,,,,,,,,,,,,,,,,,,,,,,,,,,,,,,,,,,,,,,,,,,,,,,,,,,,,,,,,,,,,,,,,,,,,,,,,,,,,,,,,,,,,,,,,,,,,,,,,,,,,,,,,,,,,,,,,,,,,,,,,,,"Alberta",,,,,,,,,,,,,,,,,,,,,,,,,,,,,,,,,,,,,,,,,,,,,,,,,,,,,,,,,,,,,,,,,,,,,,,,,,,,,,,,,,,,,,,,,,,,,,,,,,,,,,,,,,,,,,,,,,,,,,,,,,,"British Columbia",,,,,,,,,,,,,,,,,,,,,,,,,,,,,,,,,,,,,,,,,,,,,,,,,,,,,,,,,,,,,,,,,,,,,,,,,,,,,,,,,,,,,,,,,,,,,,,,,,,,,,,,,,,,,,,,,,,,,,,,,,
"Labour force characteristics","Labour force 3",,,,,,,,,,,,,,,,,,,,,,,,,,,,,,,,,,,,,,,,,,,,,,,,,,,,,,,,,,,,,,,,,,,,,,,,,,,,,,,,,,,,,,,,,,,,,,,,,,,,,,,,,,,,,,,,,,,,,,,,,,,"Labour force 3",,,,,,,,,,,,,,,,,,,,,,,,,,,,,,,,,,,,,,,,,,,,,,,,,,,,,,,,,,,,,,,,,,,,,,,,,,,,,,,,,,,,,,,,,,,,,,,,,,,,,,,,,,,,,,,,,,,,,,,,,,,"Labour force 3",,,,,,,,,,,,,,,,,,,,,,,,,,,,,,,,,,,,,,,,,,,,,,,,,,,,,,,,,,,,,,,,,,,,,,,,,,,,,,,,,,,,,,,,,,,,,,,,,,,,,,,,,,,,,,,,,,,,,,,,,,,"Labour force 3",,,,,,,,,,,,,,,,,,,,,,,,,,,,,,,,,,,,,,,,,,,,,,,,,,,,,,,,,,,,,,,,,,,,,,,,,,,,,,,,,,,,,,,,,,,,,,,,,,,,,,,,,,,,,,,,,,,,,,,,,,,"Labour force 3",,,,,,,,,,,,,,,,,,,,,,,,,,,,,,,,,,,,,,,,,,,,,,,,,,,,,,,,,,,,,,,,,,,,,,,,,,,,,,,,,,,,,,,,,,,,,,,,,,,,,,,,,,,,,,,,,,,,,,,,,,,"Labour force 3",,,,,,,,,,,,,,,,,,,,,,,,,,,,,,,,,,,,,,,,,,,,,,,,,,,,,,,,,,,,,,,,,,,,,,,,,,,,,,,,,,,,,,,,,,,,,,,,,,,,,,,,,,,,,,,,,,,,,,,,,,,"Labour force 3",,,,,,,,,,,,,,,,,,,,,,,,,,,,,,,,,,,,,,,,,,,,,,,,,,,,,,,,,,,,,,,,,,,,,,,,,,,,,,,,,,,,,,,,,,,,,,,,,,,,,,,,,,,,,,,,,,,,,,,,,,
"Age group","15 years and over",,,,,,,,,,,,,,,,,,,,,,,,,,,,,,,,,,,,,,,,,,,,,,,,,,,,,,,,,,,,,,,,,,,,,,,,,,,,,,,,,,,,,,,,,,,,,,,,,,,,,,,,,,,,,,,,,,,,,,,,,,,"15 years and over",,,,,,,,,,,,,,,,,,,,,,,,,,,,,,,,,,,,,,,,,,,,,,,,,,,,,,,,,,,,,,,,,,,,,,,,,,,,,,,,,,,,,,,,,,,,,,,,,,,,,,,,,,,,,,,,,,,,,,,,,,,"15 years and over",,,,,,,,,,,,,,,,,,,,,,,,,,,,,,,,,,,,,,,,,,,,,,,,,,,,,,,,,,,,,,,,,,,,,,,,,,,,,,,,,,,,,,,,,,,,,,,,,,,,,,,,,,,,,,,,,,,,,,,,,,,"15 years and over",,,,,,,,,,,,,,,,,,,,,,,,,,,,,,,,,,,,,,,,,,,,,,,,,,,,,,,,,,,,,,,,,,,,,,,,,,,,,,,,,,,,,,,,,,,,,,,,,,,,,,,,,,,,,,,,,,,,,,,,,,,"15 years and over",,,,,,,,,,,,,,,,,,,,,,,,,,,,,,,,,,,,,,,,,,,,,,,,,,,,,,,,,,,,,,,,,,,,,,,,,,,,,,,,,,,,,,,,,,,,,,,,,,,,,,,,,,,,,,,,,,,,,,,,,,,"15 years and over",,,,,,,,,,,,,,,,,,,,,,,,,,,,,,,,,,,,,,,,,,,,,,,,,,,,,,,,,,,,,,,,,,,,,,,,,,,,,,,,,,,,,,,,,,,,,,,,,,,,,,,,,,,,,,,,,,,,,,,,,,,"15 years and over",,,,,,,,,,,,,,,,,,,,,,,,,,,,,,,,,,,,,,,,,,,,,,,,,,,,,,,,,,,,,,,,,,,,,,,,,,,,,,,,,,,,,,,,,,,,,,,,,,,,,,,,,,,,,,,,,,,,,,,,,,
"Immigrant status","January 2013","February 2013","March 2013","April 2013","May 2013","June 2013","July 2013","August 2013","September 2013","October 2013","November 2013","December 2013","January 2014","February 2014","March 2014","April 2014","May 2014","June 2014","July 2014","August 2014","September 2014","October 2014","November 2014","December 2014","January 2015","February 2015","March 2015","April 2015","May 2015","June 2015","July 2015","August 2015","September 2015","October 2015","November 2015","December 2015","January 2016","February 2016","March 2016","April 2016","May 2016","June 2016","July 2016","August 2016","September 2016","October 2016","November 2016","December 2016","January 2017","February 2017","March 2017","April 2017","May 2017","June 2017","July 2017","August 2017","September 2017","October 2017","November 2017","December 2017","January 2018","February 2018","March 2018","April 2018","May 2018","June 2018","July 2018","August 2018","September 2018","October 2018","November 2018","December 2018","January 2019","February 2019","March 2019","April 2019","May 2019","June 2019","July 2019","August 2019","September 2019","October 2019","November 2019","December 2019","January 2020","February 2020","March 2020","April 2020","May 2020","June 2020","July 2020","August 2020","September 2020","October 2020","November 2020","December 2020","January 2021","February 2021","March 2021","April 2021","May 2021","June 2021","July 2021","August 2021","September 2021","October 2021","November 2021","December 2021","January 2022","February 2022","March 2022","April 2022","May 2022","June 2022","July 2022","August 2022","September 2022","October 2022","November 2022","December 2022","January 2023","February 2023","March 2023","January 2013","February 2013","March 2013","April 2013","May 2013","June 2013","July 2013","August 2013","September 2013","October 2013","November 2013","December 2013","January 2014","February 2014","March 2014","April 2014","May 2014","June 2014","July 2014","August 2014","September 2014","October 2014","November 2014","December 2014","January 2015","February 2015","March 2015","April 2015","May 2015","June 2015","July 2015","August 2015","September 2015","October 2015","November 2015","December 2015","January 2016","February 2016","March 2016","April 2016","May 2016","June 2016","July 2016","August 2016","September 2016","October 2016","November 2016","December 2016","January 2017","February 2017","March 2017","April 2017","May 2017","June 2017","July 2017","August 2017","September 2017","October 2017","November 2017","December 2017","January 2018","February 2018","March 2018","April 2018","May 2018","June 2018","July 2018","August 2018","September 2018","October 2018","November 2018","December 2018","January 2019","February 2019","March 2019","April 2019","May 2019","June 2019","July 2019","August 2019","September 2019","October 2019","November 2019","December 2019","January 2020","February 2020","March 2020","April 2020","May 2020","June 2020","July 2020","August 2020","September 2020","October 2020","November 2020","December 2020","January 2021","February 2021","March 2021","April 2021","May 2021","June 2021","July 2021","August 2021","September 2021","October 2021","November 2021","December 2021","January 2022","February 2022","March 2022","April 2022","May 2022","June 2022","July 2022","August 2022","September 2022","October 2022","November 2022","December 2022","January 2023","February 2023","March 2023","January 2013","February 2013","March 2013","April 2013","May 2013","June 2013","July 2013","August 2013","September 2013","October 2013","November 2013","December 2013","January 2014","February 2014","March 2014","April 2014","May 2014","June 2014","July 2014","August 2014","September 2014","October 2014","November 2014","December 2014","January 2015","February 2015","March 2015","April 2015","May 2015","June 2015","July 2015","August 2015","September 2015","October 2015","November 2015","December 2015","January 2016","February 2016","March 2016","April 2016","May 2016","June 2016","July 2016","August 2016","September 2016","October 2016","November 2016","December 2016","January 2017","February 2017","March 2017","April 2017","May 2017","June 2017","July 2017","August 2017","September 2017","October 2017","November 2017","December 2017","January 2018","February 2018","March 2018","April 2018","May 2018","June 2018","July 2018","August 2018","September 2018","October 2018","November 2018","December 2018","January 2019","February 2019","March 2019","April 2019","May 2019","June 2019","July 2019","August 2019","September 2019","October 2019","November 2019","December 2019","January 2020","February 2020","March 2020","April 2020","May 2020","June 2020","July 2020","August 2020","September 2020","October 2020","November 2020","December 2020","January 2021","February 2021","March 2021","April 2021","May 2021","June 2021","July 2021","August 2021","September 2021","October 2021","November 2021","December 2021","January 2022","February 2022","March 2022","April 2022","May 2022","June 2022","July 2022","August 2022","September 2022","October 2022","November 2022","December 2022","January 2023","February 2023","March 2023","January 2013","February 2013","March 2013","April 2013","May 2013","June 2013","July 2013","August 2013","September 2013","October 2013","November 2013","December 2013","January 2014","February 2014","March 2014","April 2014","May 2014","June 2014","July 2014","August 2014","September 2014","October 2014","November 2014","December 2014","January 2015","February 2015","March 2015","April 2015","May 2015","June 2015","July 2015","August 2015","September 2015","October 2015","November 2015","December 2015","January 2016","February 2016","March 2016","April 2016","May 2016","June 2016","July 2016","August 2016","September 2016","October 2016","November 2016","December 2016","January 2017","February 2017","March 2017","April 2017","May 2017","June 2017","July 2017","August 2017","September 2017","October 2017","November 2017","December 2017","January 2018","February 2018","March 2018","April 2018","May 2018","June 2018","July 2018","August 2018","September 2018","October 2018","November 2018","December 2018","January 2019","February 2019","March 2019","April 2019","May 2019","June 2019","July 2019","August 2019","September 2019","October 2019","November 2019","December 2019","January 2020","February 2020","March 2020","April 2020","May 2020","June 2020","July 2020","August 2020","September 2020","October 2020","November 2020","December 2020","January 2021","February 2021","March 2021","April 2021","May 2021","June 2021","July 2021","August 2021","September 2021","October 2021","November 2021","December 2021","January 2022","February 2022","March 2022","April 2022","May 2022","June 2022","July 2022","August 2022","September 2022","October 2022","November 2022","December 2022","January 2023","February 2023","March 2023","January 2013","February 2013","March 2013","April 2013","May 2013","June 2013","July 2013","August 2013","September 2013","October 2013","November 2013","December 2013","January 2014","February 2014","March 2014","April 2014","May 2014","June 2014","July 2014","August 2014","September 2014","October 2014","November 2014","December 2014","January 2015","February 2015","March 2015","April 2015","May 2015","June 2015","July 2015","August 2015","September 2015","October 2015","November 2015","December 2015","January 2016","February 2016","March 2016","April 2016","May 2016","June 2016","July 2016","August 2016","September 2016","October 2016","November 2016","December 2016","January 2017","February 2017","March 2017","April 2017","May 2017","June 2017","July 2017","August 2017","September 2017","October 2017","November 2017","December 2017","January 2018","February 2018","March 2018","April 2018","May 2018","June 2018","July 2018","August 2018","September 2018","October 2018","November 2018","December 2018","January 2019","February 2019","March 2019","April 2019","May 2019","June 2019","July 2019","August 2019","September 2019","October 2019","November 2019","December 2019","January 2020","February 2020","March 2020","April 2020","May 2020","June 2020","July 2020","August 2020","September 2020","October 2020","November 2020","December 2020","January 2021","February 2021","March 2021","April 2021","May 2021","June 2021","July 2021","August 2021","September 2021","October 2021","November 2021","December 2021","January 2022","February 2022","March 2022","April 2022","May 2022","June 2022","July 2022","August 2022","September 2022","October 2022","November 2022","December 2022","January 2023","February 2023","March 2023","January 2013","February 2013","March 2013","April 2013","May 2013","June 2013","July 2013","August 2013","September 2013","October 2013","November 2013","December 2013","January 2014","February 2014","March 2014","April 2014","May 2014","June 2014","July 2014","August 2014","September 2014","October 2014","November 2014","December 2014","January 2015","February 2015","March 2015","April 2015","May 2015","June 2015","July 2015","August 2015","September 2015","October 2015","November 2015","December 2015","January 2016","February 2016","March 2016","April 2016","May 2016","June 2016","July 2016","August 2016","September 2016","October 2016","November 2016","December 2016","January 2017","February 2017","March 2017","April 2017","May 2017","June 2017","July 2017","August 2017","September 2017","October 2017","November 2017","December 2017","January 2018","February 2018","March 2018","April 2018","May 2018","June 2018","July 2018","August 2018","September 2018","October 2018","November 2018","December 2018","January 2019","February 2019","March 2019","April 2019","May 2019","June 2019","July 2019","August 2019","September 2019","October 2019","November 2019","December 2019","January 2020","February 2020","March 2020","April 2020","May 2020","June 2020","July 2020","August 2020","September 2020","October 2020","November 2020","December 2020","January 2021","February 2021","March 2021","April 2021","May 2021","June 2021","July 2021","August 2021","September 2021","October 2021","November 2021","December 2021","January 2022","February 2022","March 2022","April 2022","May 2022","June 2022","July 2022","August 2022","September 2022","October 2022","November 2022","December 2022","January 2023","February 2023","March 2023","January 2013","February 2013","March 2013","April 2013","May 2013","June 2013","July 2013","August 2013","September 2013","October 2013","November 2013","December 2013","January 2014","February 2014","March 2014","April 2014","May 2014","June 2014","July 2014","August 2014","September 2014","October 2014","November 2014","December 2014","January 2015","February 2015","March 2015","April 2015","May 2015","June 2015","July 2015","August 2015","September 2015","October 2015","November 2015","December 2015","January 2016","February 2016","March 2016","April 2016","May 2016","June 2016","July 2016","August 2016","September 2016","October 2016","November 2016","December 2016","January 2017","February 2017","March 2017","April 2017","May 2017","June 2017","July 2017","August 2017","September 2017","October 2017","November 2017","December 2017","January 2018","February 2018","March 2018","April 2018","May 2018","June 2018","July 2018","August 2018","September 2018","October 2018","November 2018","December 2018","January 2019","February 2019","March 2019","April 2019","May 2019","June 2019","July 2019","August 2019","September 2019","October 2019","November 2019","December 2019","January 2020","February 2020","March 2020","April 2020","May 2020","June 2020","July 2020","August 2020","September 2020","October 2020","November 2020","December 2020","January 2021","February 2021","March 2021","April 2021","May 2021","June 2021","July 2021","August 2021","September 2021","October 2021","November 2021","December 2021","January 2022","February 2022","March 2022","April 2022","May 2022","June 2022","July 2022","August 2022","September 2022","October 2022","November 2022","December 2022","January 2023","February 2023","March 2023"
,"Persons",,,,,,,,,,,,,,,,,,,,,,,,,,,,,,,,,,,,,,,,,,,,,,,,,,,,,,,,,,,,,,,,,,,,,,,,,,,,,,,,,,,,,,,,,,,,,,,,,,,,,,,,,,,,,,,,,,,,,,,,,,,,,,,,,,,,,,,,,,,,,,,,,,,,,,,,,,,,,,,,,,,,,,,,,,,,,,,,,,,,,,,,,,,,,,,,,,,,,,,,,,,,,,,,,,,,,,,,,,,,,,,,,,,,,,,,,,,,,,,,,,,,,,,,,,,,,,,,,,,,,,,,,,,,,,,,,,,,,,,,,,,,,,,,,,,,,,,,,,,,,,,,,,,,,,,,,,,,,,,,,,,,,,,,,,,,,,,,,,,,,,,,,,,,,,,,,,,,,,,,,,,,,,,,,,,,,,,,,,,,,,,,,,,,,,,,,,,,,,,,,,,,,,,,,,,,,,,,,,,,,,,,,,,,,,,,,,,,,,,,,,,,,,,,,,,,,,,,,,,,,,,,,,,,,,,,,,,,,,,,,,,,,,,,,,,,,,,,,,,,,,,,,,,,,,,,,,,,,,,,,,,,,,,,,,,,,,,,,,,,,,,,,,,,,,,,,,,,,,,,,,,,,,,,,,,,,,,,,,,,,,,,,,,,,,,,,,,,,,,,,,,,,,,,,,,,,,,,,,,,,,,,,,,,,,,,,,,,,,,,,,,,,,,,,,,,,,,,,,,,,,,,,,,,,,,,,,,,,,,,,,,,,,,,,,,,,,,,,,,,,,,,,,,,,,,,,,,,,,,,,,,,,,,,,,,,,,,,,,,,,,,,,,,,,,,,,,,,,,,,,,,,,,,,,,,,,,,,,,,,,,,,,,,,,,,,,,,,,,,,,,,,,,,,,,,,,,,,,,,,,,,,,,,,,,,,,,,,,,,,,,,,,,,,,,,,,,,,,,,,
"Total population 4","18,818.6","18,790.3","18,784.7","18,842.8","19,003.5","19,184.1","19,359.0","19,431.3","19,329.0","19,204.9","19,038.7","19,001.0","18,922.8","18,873.6","18,860.8","18,899.5","19,057.9","19,239.3","19,427.7","19,482.8","19,374.1","19,237.0","19,082.6","19,031.5","18,956.4","18,930.8","18,949.2","19,009.9","19,165.5","19,328.7","19,502.0","19,582.8","19,500.3","19,395.9","19,234.1","19,191.2","19,111.3","19,086.6","19,090.0","19,153.6","19,299.5","19,459.3","19,612.2","19,676.7","19,593.0","19,500.6","19,363.3","19,345.9","19,317.0","19,307.6","19,330.7","19,359.5","19,537.0","19,727.9","19,936.6","20,009.9","19,898.8","19,791.3","19,664.4","19,675.6","19,607.7","19,554.2","19,531.1","19,580.0","19,745.8","19,941.2","20,145.3","20,238.2","20,145.7","20,033.9","19,916.9","19,917.2","19,895.5","19,895.0","19,922.1","20,014.1","20,183.9","20,378.8","20,538.9","20,628.1","20,546.2","20,446.6","20,297.1","20,252.6","20,170.4","20,128.8","19,910.0","19,396.2","19,118.8","19,336.4","19,957.2","20,369.5","20,403.2","20,383.3","20,286.8","20,240.7","20,121.5","20,072.1","20,109.2","20,186.3","20,318.4","20,490.1","20,700.0","20,832.7","20,777.6","20,686.9","20,583.2","20,559.8","20,484.3","20,460.6","20,470.9","20,579.0","20,750.2","20,909.2","21,042.5","21,077.3","20,976.6","20,907.4","20,798.8","20,805.9","20,803.3","20,825.2","20,895.0","1,241.8","1,237.1","1,237.8","1,243.3","1,258.2","1,271.6","1,286.1","1,291.2","1,281.9","1,267.1","1,247.2","1,239.4","1,228.5","1,224.6","1,223.9","1,229.8","1,244.0","1,259.8","1,275.2","1,280.3","1,269.3","1,255.9","1,239.3","1,230.7","1,221.5","1,214.9","1,215.4","1,220.0","1,234.5","1,250.9","1,267.6","1,274.1","1,264.1","1,250.2","1,234.4","1,225.6","1,213.0","1,204.9","1,201.9","1,209.0","1,224.0","1,243.2","1,260.5","1,267.9","1,259.8","1,246.3","1,232.2","1,226.4","1,216.8","1,207.2","1,204.7","1,211.1","1,229.4","1,245.9","1,259.0","1,261.6","1,250.4","1,238.8","1,226.0","1,222.9","1,214.2","1,207.6","1,203.9","1,211.7","1,226.3","1,243.2","1,258.3","1,267.3","1,260.6","1,247.5","1,230.6","1,223.8","1,217.5","1,213.7","1,214.1","1,221.5","1,239.5","1,259.4","1,276.5","1,285.8","1,277.1","1,265.2","1,245.8","1,236.7","1,227.3","1,223.6","1,209.0","1,175.3","1,164.4","1,190.9","1,236.2","1,259.5","1,251.3","1,246.7","1,239.5","1,238.1","1,234.4","1,228.1","1,228.8","1,234.3","1,249.3","1,266.8","1,281.1","1,288.0","1,280.6","1,269.8","1,260.4","1,252.3","1,241.5","1,233.4","1,234.5","1,244.8","1,265.5","1,286.2","1,302.4","1,309.1","1,300.7","1,293.7","1,279.0","1,276.6","1,268.2","1,263.4","1,261.4","4,343.1","4,330.0","4,328.2","4,348.0","4,385.7","4,431.6","4,464.9","4,470.7","4,436.0","4,410.8","4,386.8","4,382.0","4,359.7","4,340.6","4,337.3","4,337.5","4,361.3","4,397.1","4,440.4","4,453.8","4,425.4","4,388.5","4,361.2","4,346.4","4,329.1","4,316.7","4,323.0","4,343.7","4,379.2","4,413.5","4,451.2","4,468.6","4,450.4","4,417.4","4,377.1","4,362.3","4,338.2","4,328.1","4,321.8","4,338.9","4,368.1","4,406.5","4,440.7","4,455.1","4,445.0","4,424.4","4,395.2","4,383.8","4,371.3","4,367.8","4,363.3","4,371.4","4,397.8","4,451.4","4,503.2","4,537.6","4,515.5","4,497.9","4,463.7","4,456.7","4,436.2","4,437.4","4,444.0","4,452.5","4,481.9","4,518.6","4,555.2","4,567.4","4,536.9","4,512.0","4,489.3","4,499.1","4,495.3","4,495.0","4,492.6","4,509.4","4,535.6","4,576.5","4,613.4","4,636.5","4,626.1","4,606.1","4,570.6","4,553.2","4,528.5","4,519.2","4,473.8","4,394.2","4,355.0","4,414.5","4,525.7","4,599.1","4,591.5","4,574.4","4,541.9","4,511.4","4,470.8","4,448.5","4,455.6","4,472.1","4,507.5","4,562.8","4,622.8","4,644.7","4,620.9","4,597.1","4,580.1","4,571.3","4,536.6","4,523.3","4,521.5","4,542.1","4,576.3","4,607.9","4,648.2","4,660.4","4,650.3","4,640.4","4,625.8","4,629.1","4,636.5","4,636.8","4,643.5","7,265.4","7,258.1","7,246.6","7,269.7","7,337.1","7,411.3","7,483.3","7,516.0","7,477.3","7,426.6","7,351.4","7,334.2","7,298.1","7,281.0","7,268.3","7,293.1","7,361.0","7,440.8","7,521.3","7,544.9","7,498.3","7,428.6","7,353.2","7,331.7","7,293.8","7,278.3","7,276.5","7,297.3","7,355.7","7,421.4","7,493.1","7,535.0","7,489.1","7,441.6","7,362.5","7,358.7","7,337.6","7,332.9","7,338.4","7,364.3","7,434.3","7,498.2","7,543.6","7,560.8","7,509.6","7,476.6","7,419.6","7,424.8","7,425.0","7,424.6","7,434.6","7,435.0","7,516.3","7,595.5","7,692.2","7,710.4","7,670.4","7,630.0","7,594.5","7,604.7","7,570.5","7,533.4","7,514.9","7,534.9","7,616.6","7,710.4","7,815.1","7,845.1","7,798.8","7,741.0","7,692.3","7,693.6","7,685.8","7,694.8","7,714.3","7,757.5","7,830.6","7,904.8","7,967.1","8,005.4","7,977.1","7,932.5","7,876.7","7,870.3","7,859.8","7,850.2","7,765.9","7,543.5","7,409.8","7,470.4","7,727.0","7,919.0","7,963.4","7,970.5","7,941.1","7,952.3","7,904.5","7,883.4","7,868.6","7,903.5","7,956.0","8,029.2","8,120.2","8,186.7","8,174.2","8,144.3","8,109.3","8,123.4","8,107.1","8,096.9","8,085.9","8,124.0","8,193.2","8,252.7","8,295.7","8,300.0","8,244.3","8,207.8","8,162.7","8,178.7","8,183.1","8,190.6","8,218.0","1,237.1","1,237.7","1,238.7","1,240.2","1,249.4","1,259.7","1,270.9","1,274.8","1,266.0","1,254.6","1,241.8","1,238.5","1,237.9","1,236.1","1,237.5","1,237.3","1,247.6","1,257.2","1,267.5","1,273.2","1,268.4","1,266.1","1,255.1","1,254.4","1,251.3","1,252.3","1,253.8","1,257.5","1,269.3","1,279.4","1,285.8","1,289.2","1,285.0","1,282.9","1,274.8","1,270.2","1,263.0","1,257.3","1,258.8","1,263.4","1,275.4","1,285.6","1,296.6","1,299.9","1,295.7","1,288.1","1,278.9","1,273.5","1,270.1","1,268.2","1,269.0","1,270.6","1,282.2","1,293.0","1,305.0","1,307.6","1,301.3","1,291.7","1,280.9","1,280.4","1,278.2","1,274.9","1,275.9","1,280.9","1,295.4","1,307.6","1,316.5","1,321.3","1,312.8","1,307.5","1,298.2","1,298.9","1,296.8","1,292.8","1,290.9","1,294.2","1,306.4","1,319.2","1,327.0","1,330.9","1,323.4","1,317.0","1,307.5","1,303.4","1,300.9","1,299.5","1,292.1","1,262.8","1,246.7","1,257.8","1,292.6","1,315.8","1,315.3","1,308.7","1,292.9","1,279.2","1,269.5","1,269.6","1,276.6","1,288.7","1,304.0","1,317.3","1,323.4","1,326.8","1,321.1","1,313.2","1,299.0","1,295.5","1,294.9","1,300.4","1,302.5","1,309.6","1,320.1","1,331.8","1,335.8","1,337.9","1,329.0","1,327.5","1,316.6","1,316.3","1,312.0","1,315.9","1,322.9","2,274.1","2,272.4","2,273.8","2,274.4","2,294.6","2,319.5","2,346.9","2,362.1","2,352.2","2,340.4","2,323.7","2,323.6","2,319.4","2,314.2","2,318.6","2,324.7","2,347.1","2,370.4","2,392.0","2,397.8","2,383.6","2,374.8","2,362.8","2,365.0","2,367.9","2,375.6","2,383.5","2,390.2","2,411.6","2,429.3","2,447.4","2,446.1","2,440.7","2,425.5","2,407.6","2,392.7","2,383.7","2,384.5","2,386.3","2,388.7","2,394.5","2,402.6","2,418.9","2,425.4","2,420.7","2,409.8","2,398.1","2,395.4","2,394.5","2,395.0","2,405.1","2,406.5","2,418.2","2,421.8","2,433.1","2,438.8","2,427.3","2,416.1","2,399.3","2,406.8","2,408.3","2,408.2","2,404.5","2,404.6","2,419.3","2,435.7","2,456.9","2,473.5","2,474.0","2,468.6","2,455.2","2,445.2","2,436.6","2,433.0","2,435.2","2,446.4","2,463.6","2,487.4","2,506.4","2,515.7","2,507.2","2,496.5","2,482.1","2,479.4","2,463.9","2,455.1","2,421.2","2,354.4","2,320.6","2,347.3","2,423.3","2,462.2","2,463.9","2,460.5","2,452.0","2,438.8","2,428.0","2,430.2","2,449.6","2,456.7","2,465.4","2,469.7","2,482.2","2,491.2","2,492.8","2,488.0","2,477.4","2,471.9","2,471.0","2,478.2","2,483.0","2,495.9","2,514.6","2,536.0","2,549.0","2,553.1","2,543.6","2,537.8","2,527.4","2,527.8","2,537.1","2,546.7","2,564.4","2,457.0","2,455.1","2,459.6","2,467.1","2,478.5","2,490.3","2,506.9","2,516.5","2,515.5","2,505.5","2,487.9","2,483.3","2,479.2","2,477.1","2,475.2","2,477.1","2,496.9","2,513.9","2,531.2","2,532.9","2,529.0","2,523.1","2,511.0","2,503.3","2,492.9","2,493.1","2,497.1","2,501.2","2,515.1","2,534.2","2,556.8","2,569.8","2,570.9","2,578.2","2,577.8","2,581.7","2,575.7","2,578.9","2,582.8","2,589.3","2,603.3","2,623.2","2,651.9","2,667.5","2,662.2","2,655.4","2,639.3","2,641.9","2,639.4","2,644.8","2,654.0","2,664.8","2,693.1","2,720.3","2,744.1","2,753.8","2,733.9","2,716.9","2,700.0","2,704.2","2,700.3","2,692.7","2,687.9","2,695.4","2,706.4","2,725.7","2,743.3","2,763.7","2,762.6","2,757.3","2,751.3","2,756.7","2,763.5","2,765.7","2,775.0","2,785.1","2,808.2","2,831.5","2,848.6","2,853.8","2,835.3","2,829.3","2,814.5","2,809.5","2,789.9","2,781.2","2,748.0","2,665.9","2,622.4","2,655.6","2,752.4","2,813.9","2,817.8","2,822.6","2,819.4","2,821.0","2,814.3","2,812.3","2,830.0","2,831.0","2,836.3","2,844.3","2,870.4","2,895.3","2,887.9","2,874.4","2,857.0","2,845.5","2,833.2","2,828.4","2,843.5","2,862.6","2,880.5","2,894.7","2,911.3","2,916.7","2,908.7","2,900.3","2,887.3","2,877.4","2,866.5","2,871.8","2,884.8"
"Landed immigrants 5","4,012.6","4,018.6","4,010.8","4,019.6","4,035.4","4,100.2","4,156.6","4,207.5","4,221.1","4,236.3","4,230.3","4,225.2","4,192.4","4,188.5","4,204.6","4,233.7","4,271.6","4,292.1","4,322.3","4,294.4","4,265.2","4,211.5","4,171.3","4,131.3","4,090.4","4,098.0","4,135.3","4,195.5","4,255.7","4,317.9","4,381.6","4,433.3","4,469.3","4,484.3","4,483.9","4,471.4","4,471.4","4,482.3","4,490.8","4,502.4","4,538.4","4,587.3","4,631.0","4,644.8","4,660.3","4,676.9","4,673.2","4,660.5","4,643.6","4,637.9","4,645.6","4,636.8","4,654.4","4,676.7","4,723.2","4,736.9","4,736.7","4,728.0","4,718.9","4,718.6","4,712.9","4,745.2","4,760.2","4,793.4","4,816.0","4,864.0","4,912.3","4,941.0","4,948.8","4,957.3","4,978.0","5,016.2","5,071.9","5,104.6","5,113.7","5,090.1","5,078.5","5,092.7","5,100.0","5,139.3","5,164.0","5,214.7","5,222.4","5,218.6","5,222.0","5,231.5","5,148.4","4,941.9","4,810.9","4,869.0","5,025.6","5,136.8","5,163.8","5,214.7","5,239.4","5,258.0","5,266.2","5,300.1","5,350.1","5,382.9","5,429.2","5,506.5","5,573.0","5,603.4","5,591.1","5,592.2","5,591.7","5,568.6","5,527.6","5,505.2","5,498.1","5,535.2","5,580.6","5,620.4","5,647.5","5,647.2","5,643.3","5,619.1","5,583.0","5,553.2","5,532.6","5,561.7","5,626.1","46.9","47.7","48.7","50.4","52.2","52.4","52.7","52.1","52.8","52.8","53.3","53.9","53.9","53.2","51.3","49.5","48.9","49.2","49.8","51.5","53.8","56.0","55.6","54.6","53.5","52.5","51.9","49.9","49.0","48.1","50.2","52.4","55.2","56.9","58.2","57.4","55.8","54.6","54.4","55.6","55.8","56.4","54.8","53.8","51.7","51.3","52.1","54.3","56.8","58.7","60.3","61.6","62.7","63.8","63.6","62.9","61.7","61.7","62.0","62.8","62.7","63.3","64.2","65.7","67.3","67.4","68.7","68.3","68.1","66.4","64.9","65.6","67.0","68.1","68.4","67.5","68.3","68.5","69.6","70.5","71.4","73.6","74.5","77.6","79.8","83.4","83.1","80.3","79.4","79.9","81.7","82.7","84.7","87.0","88.8","88.2","89.4","87.2","87.0","86.1","88.6","93.6","98.4","102.3","100.2","97.8","95.2","94.0","92.3","90.8","91.5","94.1","97.3","99.7","101.6","102.9","103.2","103.5","104.6","106.8","106.6","104.3","103.4","588.7","602.8","593.6","590.5","586.0","602.7","612.9","618.1","619.3","626.0","631.8","644.0","647.4","656.4","658.3","656.1","655.9","656.5","648.9","629.6","608.6","602.8","602.7","602.5","600.3","602.9","614.7","624.2","640.2","639.3","640.4","640.5","645.6","655.8","654.2","656.4","656.7","659.6","663.6","664.7","668.1","677.5","683.3","686.3","684.3","677.3","669.4","655.4","652.0","651.9","662.0","667.2","678.1","695.8","715.2","724.6","724.9","731.0","732.8","732.7","726.6","740.5","742.8","743.4","738.6","751.8","771.0","777.3","772.9","771.1","776.5","783.5","786.4","787.7","793.9","792.4","791.6","791.7","799.7","814.4","809.5","799.1","778.2","784.9","793.9","800.1","792.9","777.2","773.3","793.3","813.0","830.3","822.8","835.8","846.6","856.3","862.3","868.0","875.1","877.5","879.6","905.8","919.0","921.5","901.8","902.2","910.9","915.4","898.3","886.7","880.9","884.2","904.5","918.8","932.3","932.7","935.5","943.1","931.3","915.8","896.8","887.2","887.0","2,126.5","2,123.0","2,119.7","2,124.6","2,138.4","2,171.9","2,188.3","2,208.5","2,209.3","2,220.3","2,209.0","2,200.0","2,185.1","2,191.5","2,204.4","2,228.5","2,248.6","2,258.3","2,277.0","2,263.5","2,239.0","2,184.3","2,146.4","2,111.6","2,085.7","2,085.9","2,117.7","2,153.9","2,182.7","2,221.6","2,260.2","2,292.0","2,303.1","2,300.6","2,299.1","2,294.2","2,302.8","2,309.7","2,310.4","2,316.0","2,335.5","2,359.2","2,367.8","2,366.1","2,371.2","2,385.1","2,388.1","2,393.0","2,388.8","2,393.2","2,387.7","2,367.1","2,353.4","2,338.0","2,345.5","2,336.4","2,342.8","2,353.5","2,372.8","2,386.0","2,386.8","2,395.1","2,391.8","2,406.6","2,415.2","2,434.8","2,454.5","2,469.2","2,478.6","2,482.6","2,489.1","2,506.7","2,529.2","2,548.1","2,550.2","2,551.2","2,550.3","2,560.0","2,558.6","2,573.7","2,592.0","2,611.0","2,615.7","2,602.1","2,611.8","2,623.1","2,584.3","2,479.1","2,398.2","2,417.5","2,487.8","2,554.7","2,568.9","2,588.1","2,586.9","2,603.7","2,607.7","2,623.7","2,639.5","2,663.2","2,689.5","2,708.3","2,718.1","2,714.9","2,726.1","2,726.8","2,737.3","2,722.1","2,716.6","2,707.4","2,700.0","2,716.2","2,726.7","2,748.1","2,757.4","2,753.7","2,729.9","2,692.2","2,668.6","2,660.3","2,657.4","2,679.8","2,728.0","180.0","180.7","180.9","180.6","183.5","187.9","191.2","192.1","188.8","188.4","186.6","188.8","188.4","189.6","190.4","190.4","191.6","191.0","194.0","194.3","199.2","200.3","201.2","201.0","201.7","201.6","199.0","198.2","200.9","204.4","207.1","210.1","211.7","212.2","210.4","209.6","206.6","203.4","203.3","204.8","208.6","211.6","216.6","221.8","225.4","228.8","228.7","225.0","221.6","219.3","219.4","217.9","220.1","223.5","229.2","233.5","236.7","236.0","233.5","232.8","233.8","233.8","233.1","234.2","236.7","240.0","242.7","245.9","246.7","248.2","247.8","249.8","252.3","255.1","257.0","255.5","257.7","258.0","257.2","253.5","247.5","244.8","241.2","241.8","243.9","248.0","250.2","243.8","239.8","240.0","250.4","254.7","254.0","248.0","244.7","246.5","250.8","256.4","260.1","259.7","261.2","260.7","264.4","267.1","269.0","270.5","267.1","263.3","256.8","257.6","261.5","267.7","271.8","272.8","274.2","271.8","270.3","266.8","261.8","260.4","259.7","264.3","267.3","414.5","416.4","413.5","409.8","402.7","402.3","412.0","427.5","434.8","439.8","442.8","446.7","445.4","443.7","452.1","458.4","465.9","470.2","474.1","478.7","483.9","485.6","480.1","469.9","460.9","459.9","466.5","484.8","500.6","511.9","522.4","526.1","533.4","532.8","533.6","528.0","530.5","539.5","545.2","542.7","547.9","550.2","558.7","558.0","563.9","564.1","555.3","544.0","533.7","527.6","530.8","537.6","551.4","561.5","569.3","575.0","571.8","562.0","549.9","546.6","546.3","549.3","555.8","565.7","569.0","569.1","567.9","570.2","572.4","573.9","578.0","577.3","584.0","580.7","576.7","569.6","570.3","575.0","576.4","589.5","604.8","624.7","628.9","626.0","618.2","609.1","587.1","552.5","528.9","539.0","554.6","563.2","566.2","579.8","589.0","580.0","572.8","576.5","589.2","593.9","605.7","630.8","652.1","664.6","664.1","669.7","661.2","651.1","641.2","640.2","639.2","641.6","646.6","646.2","650.3","658.8","679.3","690.8","692.7","685.8","685.4","688.5","697.0","656.0","648.0","654.4","663.6","672.6","683.0","699.6","709.2","716.1","709.0","706.7","691.9","672.2","654.0","648.1","650.7","660.6","666.8","678.5","676.8","680.7","682.6","685.3","691.7","688.3","695.3","685.5","684.6","682.4","692.7","701.4","712.3","720.3","726.1","728.4","725.8","719.0","715.5","713.9","718.6","722.5","732.4","749.7","758.9","763.8","770.4","779.6","788.7","790.7","787.2","785.3","785.3","788.8","794.1","800.4","804.6","798.8","783.8","767.9","757.6","756.8","763.2","772.7","777.8","789.3","801.0","807.5","810.1","810.1","815.1","821.8","833.4","853.0","864.9","867.5","853.8","840.3","839.4","838.4","837.7","838.8","861.4","883.9","886.1","874.4","867.7","850.9","809.0","791.2","799.5","838.2","851.1","867.2","875.9","883.3","883.2","883.1","888.3","899.3","902.5","904.6","907.4","921.0","933.0","929.9","925.3","920.1","922.7","922.5","922.5","924.9","931.3","933.8","934.8","931.7","927.2","925.0","922.8","924.0","924.0","926.7","937.5","943.5"
"Immigrants, landed 5 or less years earlier","573.9","575.3","578.2","578.8","583.9","601.2","617.0","637.1","626.6","626.6","619.5","625.8","610.8","595.2","591.6","604.6","624.3","627.8","635.3","637.0","642.3","636.7","624.1","615.7","601.1","595.6","599.5","605.8","618.3","631.7","652.6","669.2","669.7","659.1","646.5","635.4","627.4","619.4","619.4","621.9","622.6","627.9","637.1","637.9","638.0","633.8","638.8","638.0","631.2","626.4","625.1","627.8","642.4","661.0","686.0","682.8","680.9","669.6","679.4","683.6","693.4","705.2","703.4","700.0","689.5","695.3","708.1","724.8","742.6","753.6","766.1","769.1","769.1","758.7","743.8","734.9","730.3","737.0","744.7","758.1","765.4","776.2","783.4","789.3","802.2","820.8","824.7","783.7","743.8","717.9","721.1","703.5","675.1","664.3","675.3","708.9","724.8","722.4","716.7","717.8","736.4","769.2","795.8","827.7","839.8","846.5","848.8","849.8","861.3","864.8","874.4","892.1","898.0","893.6","889.6","879.1","867.0","839.7","820.2","809.5","815.4","842.6","875.6","10.3","10.5","11.2","11.6","11.7","11.9","13.7","14.2","14.5","13.0","12.3","11.5","10.8","9.8","8.8","8.3","8.2","9.0","10.2","12.3","13.9","15.2","15.5","14.9","14.0","12.7","12.7","12.0","11.6","11.1","11.7","12.5","13.4","13.8","13.9","13.1","12.2","11.9","12.5","13.2","14.4","15.0","15.2","15.0","13.6","13.0","12.7","13.8","14.5","14.6","14.3","14.2","13.8","13.8","14.1","14.6","15.4","16.1","17.1","17.9","18.0","18.5","19.2","20.3","20.5","20.0","20.0","19.7","19.3","19.1","19.4","20.4","21.4","22.3","22.8","21.8","21.5","21.5","22.9","24.3","25.1","25.7","25.3","26.1","27.2","28.9","28.9","27.4","27.0","26.3","26.2","26.2","28.0","30.2","32.1","33.6","36.3","35.9","34.6","32.0","32.2","33.8","36.1","37.2","35.2","33.2","32.2","32.0","30.4","28.4","27.9","29.6","31.2","33.9","36.9","39.8","39.9","38.5","37.1","37.3","37.2","37.1","36.7","109.7","108.3","106.1","107.2","110.0","120.9","129.7","142.2","146.1","150.8","144.9","141.3","131.0","124.9","119.5","116.6","121.9","126.8","134.2","133.3","128.7","124.2","120.0","117.4","110.4","107.3","110.3","116.2","121.6","127.2","131.2","131.4","126.2","122.7","123.2","124.0","124.3","118.4","115.7","114.2","113.6","116.9","119.4","122.6","116.6","112.4","112.2","116.5","115.5","114.3","117.0","118.9","122.1","122.1","125.1","121.8","121.4","122.5","128.5","133.6","137.5","143.6","138.1","134.5","129.6","135.1","139.6","143.3","146.9","146.8","145.4","139.0","131.4","126.1","121.7","119.7","117.1","120.0","130.7","136.1","130.8","122.5","117.1","125.0","135.4","143.3","147.6","142.4","141.4","137.6","135.9","135.1","128.3","127.5","127.4","132.9","137.1","136.4","142.4","148.3","158.0","170.3","176.0","180.8","171.4","161.2","159.2","158.8","159.5","146.1","142.0","142.6","150.6","148.9","148.7","145.5","144.7","140.4","134.9","133.6","139.5","147.8","152.5","234.8","232.2","227.5","224.0","222.3","227.5","228.8","233.1","226.9","229.0","232.1","234.8","230.5","224.3","227.0","234.0","240.6","241.5","240.1","240.9","241.2","243.2","235.3","228.9","219.4","216.6","218.4","214.8","215.2","216.9","229.4","243.1","243.7","236.6","228.9","228.9","227.6","226.9","227.5","233.8","230.9","228.4","225.3","221.5","229.2","226.9","234.4","229.2","229.1","227.9","229.7","232.8","243.4","263.6","287.1","288.8","284.9","276.2","282.0","279.5","281.7","282.8","282.3","276.8","273.4","271.7","277.0","282.6","292.3","297.5","303.0","304.7","296.9","287.3","280.9","290.7","293.9","296.9","296.9","302.3","310.5","312.0","312.8","305.2","306.9","316.1","320.5","311.3","298.0","295.1","304.2","300.4","283.5","272.0","274.4","291.2","287.5","280.4","269.5","271.3","278.5","288.6","304.5","323.3","344.0","356.2","364.0","369.5","379.7","387.7","395.5","406.5","403.4","397.2","394.8","391.0","381.1","364.1","355.9","352.0","349.5","356.5","371.9","57.2","56.8","58.8","60.2","61.3","62.2","62.9","63.1","60.5","59.4","59.3","61.6","62.2","63.9","65.2","66.2","67.1","66.6","68.9","67.6","69.0","68.2","69.3","69.3","67.8","65.2","62.4","62.5","64.7","67.2","69.6","72.0","72.6","70.2","67.4","66.4","66.8","66.5","66.5","66.0","66.7","67.1","68.6","69.1","68.7","68.5","67.7","67.3","66.1","65.2","63.6","62.9","62.3","63.5","64.8","65.9","66.9","65.7","64.4","62.3","61.6","61.2","61.2","62.4","63.3","64.1","64.8","66.1","67.4","69.1","70.4","71.2","69.5","67.5","65.0","63.5","63.1","63.4","63.1","61.8","59.6","59.3","60.0","60.8","61.4","62.4","63.1","61.1","59.3","58.1","59.8","58.2","56.8","53.2","53.1","54.9","58.0","58.6","58.5","57.3","58.4","58.6","61.2","62.3","63.0","62.7","60.3","55.9","49.4","48.2","50.0","54.1","55.7","56.5","56.2","55.5","54.8","54.2","53.0","50.6","48.9","50.1","52.5","73.6","79.4","82.9","83.0","84.0","84.8","88.2","90.8","88.0","84.8","79.6","83.0","82.0","84.4","87.7","97.0","102.6","101.2","101.7","105.2","109.5","105.8","101.9","101.8","102.8","104.6","107.3","113.4","118.4","120.5","119.9","116.9","118.6","122.3","123.4","119.0","116.8","117.6","119.8","116.8","119.2","120.3","123.9","125.2","127.5","130.8","126.6","122.5","114.4","111.0","109.7","110.8","113.7","110.7","109.1","108.6","109.3","106.3","103.1","105.1","109.4","111.7","110.5","107.1","99.1","97.3","98.0","101.4","104.0","105.8","112.1","111.9","116.7","115.7","112.7","106.8","101.8","104.2","103.0","108.9","111.5","120.9","125.9","127.4","124.1","121.5","117.3","108.4","96.5","93.1","92.3","90.5","84.7","81.2","77.7","75.8","77.8","83.8","89.7","88.6","88.9","93.6","97.3","98.0","99.2","103.3","101.5","100.1","99.8","101.9","96.2","91.2","91.9","92.0","91.1","89.0","91.0","92.9","93.2","94.6","100.0","105.1","112.5","88.4","88.2","91.7","92.8","94.6","93.9","93.7","93.7","90.7","89.6","91.4","93.7","94.2","87.9","83.3","82.4","83.9","82.7","80.3","77.6","80.0","80.1","82.0","83.5","86.7","89.2","88.3","86.9","86.7","88.7","90.7","93.1","95.3","93.5","89.7","84.0","79.6","78.1","77.2","77.9","77.8","80.2","84.7","84.4","82.5","82.2","85.1","88.7","91.7","93.4","90.9","88.3","87.1","87.2","85.8","83.1","83.0","82.8","84.3","85.3","85.1","87.4","92.1","98.9","103.6","107.2","108.6","111.8","112.8","115.2","115.9","121.8","133.2","139.8","140.7","132.5","133.0","131.0","128.1","124.7","128.0","135.9","142.3","144.9","147.2","148.7","147.3","133.0","121.6","107.6","102.7","93.2","93.8","100.2","110.6","120.4","128.2","127.2","122.0","120.3","120.3","124.3","120.6","126.0","127.0","129.7","131.5","133.4","142.6","152.4","162.8","168.2","165.2","165.0","161.8","158.4","155.4","149.5","146.2","141.4","140.3","146.0","149.5"
"Immigrants, landed more than 5 to 10 years earlier","704.4","666.3","617.5","624.6","632.0","651.2","674.4","694.7","719.9","741.8","769.8","787.9","740.9","691.9","644.2","649.6","664.8","690.2","723.4","744.5","757.6","759.0","759.2","762.4","716.8","680.4","645.4","662.9","679.5","694.3","723.6","748.8","791.2","835.8","881.0","902.3","856.1","808.0","742.6","736.0","735.3","771.0","798.2","819.9","828.5","842.0","852.1","855.0","799.7","749.4","700.0","708.3","717.5","741.0","760.1","784.9","802.9","826.9","843.9","865.3","835.9","811.7","774.0","801.6","824.3","856.6","876.5","890.3","897.6","907.3","914.5","924.0","864.5","808.5","760.5","782.4","818.7","866.6","912.5","950.4","978.2","990.8","991.4","978.2","908.1","838.8","751.5","725.6","714.6","752.3","798.7","842.5","867.5","915.3","959.5","997.3","945.2","902.1","850.5","866.9","888.4","925.6","950.8","961.7","974.6","999.0","1,015.7","1,025.9","976.8","938.0","899.8","923.8","948.7","975.1","994.8","1,015.9","1,023.0","1,037.5","1,040.0","1,040.4","973.2","911.3","871.7","7.8","7.2","6.6","6.6","7.3","7.8","8.0","8.6","9.2","10.2","10.5","10.8","10.3","9.9","9.9","9.9","10.9","11.2","11.8","11.2","11.4","11.2","10.2","9.3","8.8","8.5","7.6","7.0","7.2","7.2","7.2","7.3","7.8","8.6","9.9","11.2","11.8","11.8","11.5","12.1","11.7","11.2","10.4","10.2","10.2","10.5","10.9","11.3","11.2","11.6","12.3","13.4","14.3","15.0","15.1","14.5","13.5","12.3","11.3","10.3","9.2","9.0","9.3","11.3","12.5","13.4","13.7","13.9","13.7","12.7","12.0","12.2","11.8","10.9","10.3","10.7","11.8","12.0","12.0","11.5","11.6","13.3","15.1","16.9","17.0","16.8","15.9","15.8","15.5","15.2","15.2","15.6","16.2","16.8","17.6","17.4","16.9","16.7","17.6","18.8","19.3","20.5","21.1","22.0","21.4","20.9","19.7","18.9","18.3","18.4","19.1","20.3","22.6","22.6","22.9","21.6","21.8","22.3","22.6","23.3","21.0","18.5","16.1","107.4","112.3","109.1","109.0","104.6","105.3","108.4","108.1","109.6","116.5","129.0","139.8","134.4","125.3","115.7","113.7","112.0","110.1","111.8","114.7","117.5","119.3","122.5","130.7","132.4","132.7","130.1","132.8","135.2","130.2","126.3","129.3","139.1","150.1","150.2","150.1","139.6","134.1","122.1","121.4","124.8","137.1","150.5","157.3","160.3","158.0","154.9","150.5","137.8","128.6","117.9","120.2","122.9","133.7","136.2","141.8","141.9","147.7","148.7","147.4","141.3","138.4","134.2","138.4","143.1","152.7","160.9","166.2","169.8","174.4","175.6","177.7","166.4","154.7","146.9","146.2","152.1","158.4","171.8","183.2","186.7","186.5","182.5","179.4","162.9","147.5","129.9","127.4","125.9","132.9","135.4","135.9","137.5","148.0","164.2","174.4","166.5","161.5","156.4","166.6","169.0","175.3","172.4","166.1","162.9","173.6","187.4","198.6","191.4","188.6","187.5","193.3","198.0","195.3","191.6","195.1","196.6","206.1","203.0","198.8","179.2","161.7","154.2","358.4","326.7","298.2","306.9","319.5","332.5","344.2","355.0","368.6","373.5","380.8","383.9","359.2","333.9","302.4","304.8","315.0","335.8","357.0","364.6","364.6","353.9","346.5","339.2","311.5","291.5","280.2","292.6","300.4","307.9","322.2","331.2","344.8","364.3","395.1","409.6","385.7","353.1","315.4","309.5","304.9","321.1","326.6","333.9","334.6","351.2","365.2","377.8","356.8","332.9","303.6","293.6","286.9","286.9","292.9","303.4","325.6","355.7","381.3","395.5","376.6","355.9","325.4","320.7","313.6","319.5","327.1","342.8","356.4","376.9","388.9","402.0","374.4","351.7","318.7","326.7","339.3","360.3","376.1","389.1","412.0","418.5","421.0","412.1","391.2","368.3","328.3","309.1","298.6","313.6","330.5","352.6","364.2","394.0","416.5","443.2","421.3","393.7","358.7","354.5","362.6","368.8","370.1","365.3","373.3","388.8","403.8","415.1","399.4","378.3","346.8","349.7","353.8","376.7","394.4","412.6","413.9","414.0","415.0","417.8","396.6","377.1","366.1","38.0","36.2","32.8","32.0","34.1","36.5","38.6","38.7","39.7","40.4","41.1","42.2","42.0","41.0","38.7","38.1","37.8","38.8","40.1","42.1","43.8","44.6","45.8","47.1","46.3","44.9","43.5","44.9","47.1","49.6","51.6","53.2","54.2","55.2","56.3","58.0","56.5","54.5","52.6","53.7","55.1","56.2","58.2","60.9","62.7","64.6","65.2","64.4","61.4","59.4","58.7","59.3","60.9","61.9","65.3","68.2","71.5","73.0","73.4","76.9","75.2","73.8","70.3","71.3","71.9","72.5","72.8","74.0","73.5","72.7","71.7","72.1","70.2","69.4","67.9","70.8","73.7","76.6","78.1","76.2","73.4","71.0","70.1","70.6","68.4","67.7","67.4","68.2","68.4","68.9","71.7","74.6","74.3","73.8","73.5","76.4","74.9","72.9","69.7","70.4","70.4","71.6","71.0","73.1","74.1","78.1","78.6","80.4","77.5","74.3","71.3","70.9","73.3","72.5","75.5","77.1","78.8","77.6","76.0","77.4","72.1","67.9","62.3","80.5","79.6","75.8","76.2","74.5","74.8","77.8","81.5","82.5","85.8","89.3","93.6","90.1","85.0","84.5","83.9","84.2","85.4","89.4","95.9","102.4","108.9","113.2","114.3","103.8","92.9","81.2","83.0","86.2","91.7","100.7","107.1","114.5","117.6","121.4","123.4","121.2","121.8","121.7","123.0","123.3","123.3","126.0","126.9","126.0","123.0","120.8","116.2","105.9","96.0","94.1","100.6","109.7","119.2","128.6","133.8","131.9","124.8","119.4","116.9","111.6","108.4","108.8","121.2","131.3","133.9","132.9","131.7","131.5","125.8","122.8","120.5","113.2","104.4","101.7","108.1","116.2","123.3","131.4","136.5","138.1","140.6","140.6","139.6","125.7","113.6","99.6","98.3","99.1","107.3","112.4","118.2","125.5","134.0","139.1","136.5","129.0","125.6","123.8","128.7","134.3","146.4","155.7","160.4","161.0","160.6","160.5","154.9","145.7","142.9","145.9","156.1","161.0","163.2","164.7","163.3","165.7","168.2","171.7","169.7","157.3","147.1","139.6","112.5","104.2","95.1","93.9","91.9","94.2","97.4","102.8","110.3","115.4","119.1","117.5","105.0","96.8","93.0","99.2","104.9","108.8","113.3","116.0","117.9","121.2","120.9","121.8","114.0","109.9","102.8","102.6","103.5","107.6","115.7","120.6","130.8","140.0","148.1","150.0","141.3","132.7","119.3","116.3","115.4","122.1","126.6","130.7","134.6","134.7","135.2","134.9","126.6","121.1","113.4","121.1","122.8","124.3","122.0","123.3","118.4","113.3","109.7","118.2","122.0","126.2","126.1","138.7","151.9","164.6","169.0","161.7","152.5","144.8","143.6","139.4","128.6","117.5","115.1","119.9","125.6","135.9","143.1","154.0","156.3","160.9","162.1","159.7","142.9","124.9","110.4","106.8","107.2","114.5","133.6","145.6","149.7","148.8","148.5","149.3","136.6","131.7","124.3","127.9","132.9","142.9","160.4","174.8","181.8","177.0","165.7","158.0","144.6","135.5","129.3","133.6","140.0","144.8","145.8","146.2","146.2","149.4","151.8","153.4","147.1","139.0","133.4"
"Immigrants, landed more than 10 years earlier","2,734.2","2,777.0","2,815.1","2,816.2","2,819.5","2,847.8","2,865.2","2,875.7","2,874.6","2,868.0","2,840.9","2,811.5","2,840.7","2,901.3","2,968.9","2,979.5","2,982.5","2,974.0","2,963.6","2,912.8","2,865.3","2,815.8","2,788.0","2,753.3","2,772.5","2,822.1","2,890.5","2,926.8","2,957.9","2,992.0","3,005.4","3,015.3","3,008.3","2,989.4","2,956.4","2,933.7","2,987.9","3,054.8","3,128.8","3,144.6","3,180.5","3,188.5","3,195.6","3,187.1","3,193.9","3,201.0","3,182.4","3,167.5","3,212.6","3,262.0","3,320.5","3,300.6","3,294.5","3,274.8","3,277.1","3,269.3","3,252.9","3,231.5","3,195.6","3,169.7","3,183.6","3,228.2","3,282.9","3,291.9","3,302.2","3,312.1","3,327.7","3,325.8","3,308.7","3,296.5","3,297.4","3,323.2","3,438.3","3,537.3","3,609.4","3,572.7","3,529.5","3,489.1","3,442.7","3,430.8","3,420.3","3,447.6","3,447.7","3,451.0","3,511.7","3,571.8","3,572.1","3,432.6","3,352.5","3,398.8","3,505.8","3,590.9","3,621.1","3,635.2","3,604.5","3,551.8","3,596.2","3,675.6","3,782.9","3,798.3","3,804.4","3,811.7","3,826.5","3,814.0","3,776.7","3,746.7","3,727.2","3,692.9","3,689.4","3,702.5","3,723.8","3,719.2","3,733.9","3,751.7","3,763.1","3,752.3","3,753.3","3,741.9","3,722.8","3,703.3","3,744.0","3,807.8","3,878.8","28.9","30.0","31.0","32.2","33.2","32.6","31.0","29.3","29.1","29.6","30.5","31.5","32.9","33.5","32.7","31.3","29.8","29.0","27.8","28.0","28.5","29.7","29.9","30.4","30.7","31.3","31.6","30.8","30.2","29.8","31.3","32.5","34.0","34.5","34.4","33.0","31.8","30.8","30.4","30.4","29.7","30.1","29.2","28.6","27.9","27.8","28.5","29.3","31.1","32.5","33.6","34.0","34.6","35.0","34.4","33.8","32.8","33.3","33.6","34.6","35.5","35.8","35.6","34.2","34.3","34.0","34.9","34.8","35.1","34.6","33.6","33.0","33.8","34.8","35.3","35.1","35.1","34.9","34.7","34.8","34.8","34.7","34.0","34.6","35.6","37.7","38.3","37.1","36.9","38.4","40.3","40.9","40.5","40.0","39.1","37.2","36.2","34.6","34.8","35.3","37.1","39.2","41.2","43.1","43.5","43.7","43.3","43.1","43.6","44.1","44.5","44.2","43.5","43.2","41.8","41.5","41.4","42.7","45.0","46.3","48.3","48.7","50.6","371.5","382.2","378.4","374.3","371.4","376.6","374.8","367.8","363.7","358.7","357.8","362.9","382.1","406.2","423.1","425.8","422.0","419.6","402.9","381.5","362.3","359.2","360.1","354.4","357.4","363.0","374.3","375.2","383.4","381.9","382.9","379.7","380.2","383.1","380.8","382.3","392.9","407.1","425.7","429.1","429.6","423.5","413.5","406.3","407.4","406.9","402.3","388.5","398.7","409.1","427.1","428.1","433.1","440.0","453.9","461.1","461.5","460.8","455.6","451.7","447.8","458.5","470.6","470.5","466.0","464.0","470.5","467.7","456.3","449.9","455.5","466.7","488.6","506.9","525.3","526.5","522.5","513.4","497.2","495.1","492.0","490.2","478.6","480.5","495.6","509.2","515.4","507.5","506.1","522.8","541.6","559.3","557.0","560.4","555.0","549.0","558.8","570.0","576.3","562.6","552.6","560.2","570.5","574.7","567.5","567.4","564.2","558.0","547.4","552.0","551.5","548.4","555.9","574.6","592.0","592.2","594.3","596.6","593.4","583.4","578.1","577.7","580.3","1,533.4","1,564.2","1,594.0","1,593.7","1,596.6","1,611.9","1,615.2","1,620.4","1,613.8","1,617.8","1,596.1","1,581.3","1,595.4","1,633.4","1,675.0","1,689.7","1,693.0","1,681.0","1,679.8","1,657.9","1,633.3","1,587.1","1,564.5","1,543.6","1,554.9","1,577.7","1,619.2","1,646.5","1,667.1","1,696.7","1,708.5","1,717.7","1,714.6","1,699.7","1,675.1","1,655.7","1,689.6","1,729.7","1,767.4","1,772.7","1,799.7","1,809.7","1,815.9","1,810.7","1,807.4","1,807.0","1,788.5","1,786.0","1,802.9","1,832.4","1,854.5","1,840.7","1,823.0","1,787.5","1,765.5","1,744.1","1,732.2","1,721.6","1,709.5","1,711.0","1,728.5","1,756.4","1,784.1","1,809.2","1,828.2","1,843.6","1,850.4","1,843.8","1,829.9","1,808.2","1,797.2","1,800.0","1,857.9","1,909.0","1,950.6","1,933.8","1,917.0","1,902.8","1,885.6","1,882.3","1,869.4","1,880.5","1,882.0","1,884.9","1,913.7","1,938.8","1,935.5","1,858.7","1,801.5","1,808.8","1,853.2","1,901.8","1,921.2","1,922.2","1,896.0","1,869.3","1,899.0","1,949.6","2,011.3","2,037.4","2,048.4","2,050.9","2,043.5","2,026.3","2,008.8","1,981.8","1,969.4","1,937.5","1,937.5","1,941.4","1,957.7","1,960.1","1,969.5","1,974.2","1,968.1","1,950.2","1,934.9","1,914.2","1,897.7","1,890.6","1,911.4","1,946.2","1,990.0","84.8","87.7","89.3","88.4","88.0","89.2","89.6","90.2","88.5","88.6","86.2","84.9","84.1","84.8","86.5","86.1","86.7","85.6","85.0","84.6","86.4","87.4","86.1","84.6","87.6","91.5","93.1","90.7","89.1","87.6","85.9","84.9","84.9","86.7","86.7","85.2","83.3","82.4","84.2","85.2","86.8","88.3","89.8","91.7","94.1","95.7","95.8","93.3","94.2","94.7","97.1","95.8","96.9","98.1","99.1","99.4","98.3","97.2","95.7","93.6","97.0","98.8","101.6","100.5","101.5","103.4","105.0","105.8","105.8","106.4","105.7","106.4","112.6","118.3","124.1","121.2","120.9","118.0","116.1","115.5","114.4","114.4","111.1","110.5","114.1","117.9","119.6","114.4","112.2","112.9","118.9","122.0","122.8","121.1","118.1","115.2","118.0","124.9","131.9","132.0","132.5","130.5","132.2","131.6","131.9","129.6","128.1","127.0","129.8","135.1","140.3","142.7","142.8","143.8","142.4","139.2","136.7","134.9","132.9","132.4","138.7","146.3","152.5","260.4","257.4","254.7","250.7","244.1","242.7","246.0","255.2","264.4","269.3","274.0","270.2","273.2","274.3","279.9","277.6","279.1","283.6","283.0","277.6","271.9","270.9","264.9","253.8","254.3","262.4","278.0","288.3","296.0","299.7","301.8","302.0","300.3","292.9","288.8","285.6","292.4","300.0","303.7","302.9","305.3","306.7","308.7","305.9","310.4","310.3","307.9","305.3","313.5","320.6","327.1","326.2","328.0","331.6","331.5","332.6","330.7","330.9","327.4","324.6","325.2","329.2","336.5","337.4","338.5","337.8","337.0","337.1","336.9","342.3","343.1","344.9","354.1","360.7","362.3","354.7","352.3","347.5","342.0","344.1","355.2","363.2","362.5","359.0","368.3","374.0","370.3","345.8","333.3","338.6","349.9","354.6","356.0","364.6","372.2","367.7","366.0","367.1","375.7","376.6","382.6","390.8","399.1","406.2","403.9","405.7","399.3","396.0","395.8","395.3","397.1","394.3","393.7","390.9","394.5","406.6","422.6","429.7","427.8","421.5","428.1","436.3","444.9","455.1","455.6","467.7","476.9","486.1","494.9","508.5","512.8","515.1","504.1","496.2","480.6","473.0","469.2","471.8","469.0","471.9","475.3","485.0","483.2","482.8","481.4","482.4","486.4","487.6","496.2","494.4","495.1","492.2","496.4","495.0","498.5","494.3","492.6","490.6","491.8","498.0","504.7","517.4","524.4","529.3","530.1","538.4","543.8","546.7","553.4","559.4","565.0","572.3","572.7","581.1","575.9","578.9","582.6","592.6","598.2","597.4","587.7","573.9","554.1","549.6","549.6","554.5","540.2","533.7","529.2","529.9","536.6","544.8","555.1","562.3","572.1","591.3","607.6","611.8","601.4","581.6","572.5","567.2","558.9","554.5","564.6","579.5","581.5","584.4","594.2","593.1","569.2","562.4","577.4","601.9","612.3","623.7","626.9","624.2","613.5","618.3","629.4","653.0","654.4","651.3","640.1","639.9","632.2","621.1","618.6","623.0","631.3","635.3","634.5","632.8","629.5","628.5","625.0","624.2","622.6","623.4","623.8","626.1","629.2","639.4","652.6","660.6"
"Born in Canada","14,448.1","14,410.1","14,400.3","14,442.1","14,574.7","14,678.5","14,793.1","14,811.6","14,695.8","14,545.2","14,386.5","14,363.6","14,325.1","14,291.3","14,262.6","14,279.8","14,392.8","14,554.7","14,706.5","14,790.3","14,704.2","14,619.4","14,503.2","14,497.0","14,466.7","14,436.7","14,418.3","14,418.6","14,515.4","14,624.0","14,743.6","14,781.3","14,670.8","14,561.3","14,409.7","14,380.9","14,291.7","14,243.7","14,228.5","14,283.3","14,386.4","14,488.9","14,589.8","14,635.5","14,536.0","14,420.1","14,279.4","14,271.4","14,254.8","14,248.4","14,252.6","14,276.4","14,425.0","14,586.0","14,752.5","14,820.1","14,721.4","14,629.8","14,518.1","14,530.1","14,462.8","14,371.6","14,317.6","14,322.3","14,449.9","14,587.8","14,736.2","14,792.6","14,697.0","14,577.2","14,439.4","14,398.4","14,321.3","14,291.5","14,301.5","14,403.4","14,571.7","14,741.8","14,886.6","14,937.1","14,843.5","14,693.6","14,529.2","14,473.1","14,378.9","14,317.0","14,186.2","13,906.4","13,789.3","13,966.6","14,436.1","14,753.9","14,770.7","14,706.2","14,570.3","14,483.3","14,334.5","14,246.1","14,233.1","14,278.1","14,351.9","14,446.2","14,575.1","14,652.0","14,584.5","14,470.4","14,363.8","14,348.8","14,314.7","14,314.5","14,331.2","14,407.2","14,516.7","14,620.4","14,708.2","14,742.0","14,663.8","14,614.8","14,541.8","14,547.1","14,540.1","14,517.1","14,511.6","1,179.5","1,174.3","1,173.7","1,177.2","1,189.6","1,202.0","1,215.6","1,222.1","1,212.4","1,197.2","1,176.8","1,169.6","1,159.4","1,156.5","1,156.1","1,163.6","1,176.8","1,191.6","1,205.3","1,208.8","1,196.7","1,182.4","1,167.0","1,159.4","1,150.9","1,144.5","1,146.0","1,152.3","1,168.3","1,185.6","1,200.8","1,206.1","1,192.6","1,176.6","1,157.7","1,149.2","1,138.4","1,133.0","1,131.6","1,138.8","1,153.9","1,172.7","1,190.8","1,198.2","1,190.7","1,176.2","1,160.0","1,151.0","1,138.3","1,127.3","1,123.1","1,128.0","1,144.8","1,160.7","1,175.0","1,178.5","1,168.1","1,155.1","1,140.9","1,135.9","1,127.3","1,120.6","1,116.6","1,123.8","1,136.8","1,154.3","1,167.7","1,176.6","1,169.3","1,157.8","1,143.0","1,134.6","1,126.6","1,121.2","1,121.2","1,128.2","1,144.1","1,163.6","1,179.7","1,188.3","1,179.9","1,167.1","1,147.1","1,134.3","1,120.5","1,111.9","1,097.4","1,069.2","1,060.8","1,086.4","1,129.1","1,152.4","1,144.1","1,137.0","1,125.2","1,119.7","1,112.1","1,105.7","1,106.2","1,113.0","1,127.4","1,140.8","1,150.0","1,153.4","1,148.8","1,140.7","1,132.3","1,126.0","1,116.9","1,110.3","1,109.9","1,117.7","1,136.5","1,155.0","1,169.7","1,174.2","1,165.2","1,157.4","1,141.4","1,134.6","1,123.5","1,118.6","1,116.9","3,696.7","3,669.5","3,677.4","3,701.2","3,743.1","3,771.3","3,796.1","3,797.9","3,762.5","3,731.2","3,705.0","3,692.5","3,668.9","3,642.7","3,637.1","3,638.9","3,661.5","3,695.2","3,746.0","3,780.6","3,772.5","3,739.8","3,709.9","3,697.4","3,685.8","3,670.5","3,663.5","3,668.8","3,686.5","3,721.8","3,763.1","3,783.3","3,760.7","3,718.8","3,682.1","3,667.7","3,644.2","3,629.1","3,617.0","3,630.4","3,655.5","3,683.8","3,710.9","3,718.1","3,706.7","3,692.2","3,672.1","3,675.7","3,669.3","3,668.7","3,654.4","3,651.0","3,663.0","3,695.9","3,731.2","3,758.9","3,738.1","3,716.7","3,681.0","3,677.7","3,663.3","3,648.4","3,641.2","3,638.9","3,663.8","3,687.3","3,709.4","3,721.2","3,703.9","3,683.4","3,657.2","3,657.0","3,647.3","3,641.9","3,627.3","3,639.2","3,660.4","3,693.5","3,711.2","3,713.8","3,708.8","3,701.5","3,688.8","3,666.8","3,634.6","3,614.2","3,576.7","3,519.0","3,490.7","3,531.8","3,627.8","3,694.8","3,698.2","3,667.1","3,613.9","3,566.0","3,508.9","3,477.0","3,477.6","3,495.5","3,529.9","3,563.5","3,615.9","3,640.3","3,633.6","3,601.9","3,567.8","3,547.6","3,525.5","3,519.0","3,518.4","3,534.1","3,547.4","3,565.0","3,591.4","3,608.1","3,604.0","3,588.7","3,581.9","3,589.1","3,607.5","3,608.9","3,610.7","5,031.3","5,023.4","5,005.4","5,018.1","5,062.5","5,099.0","5,150.1","5,165.4","5,131.2","5,068.7","5,004.6","4,999.4","4,984.3","4,966.2","4,942.6","4,946.7","4,994.2","5,066.0","5,128.6","5,168.2","5,142.3","5,119.9","5,073.2","5,082.8","5,069.2","5,053.9","5,021.6","5,008.6","5,041.7","5,073.1","5,107.6","5,118.2","5,058.9","5,015.8","4,939.4","4,938.6","4,902.5","4,886.6","4,889.8","4,915.0","4,965.8","5,002.4","5,036.7","5,052.6","4,999.2","4,946.9","4,879.5","4,874.0","4,874.8","4,865.5","4,873.5","4,888.3","4,975.5","5,064.6","5,148.5","5,176.5","5,133.7","5,087.8","5,041.2","5,040.3","5,005.2","4,961.8","4,946.7","4,953.7","5,022.6","5,094.5","5,177.3","5,191.7","5,133.0","5,070.0","5,010.7","4,993.7","4,963.5","4,956.3","4,977.5","5,017.1","5,091.9","5,157.7","5,226.6","5,252.9","5,210.4","5,147.4","5,079.6","5,075.1","5,046.9","5,028.9","4,985.4","4,872.4","4,821.5","4,873.4","5,064.6","5,197.6","5,222.7","5,210.5","5,176.6","5,167.8","5,107.8","5,063.7","5,032.8","5,047.5","5,071.2","5,120.8","5,184.9","5,229.3","5,188.8","5,144.1","5,103.7","5,125.6","5,121.5","5,125.5","5,120.7","5,140.6","5,186.1","5,215.5","5,236.0","5,236.0","5,208.0","5,202.6","5,178.1","5,185.9","5,185.0","5,171.5","5,156.5","1,031.5","1,032.9","1,033.1","1,033.8","1,039.2","1,044.5","1,052.4","1,055.2","1,049.9","1,038.9","1,027.8","1,022.1","1,021.3","1,017.8","1,019.0","1,020.6","1,031.5","1,042.9","1,049.4","1,053.9","1,044.0","1,040.3","1,028.4","1,028.3","1,025.8","1,027.0","1,030.7","1,035.2","1,044.2","1,049.2","1,050.3","1,049.9","1,045.2","1,043.2","1,036.5","1,031.9","1,027.7","1,025.1","1,025.6","1,029.0","1,037.9","1,046.1","1,052.8","1,050.6","1,043.4","1,032.3","1,023.0","1,020.7","1,020.3","1,021.2","1,021.9","1,024.8","1,033.7","1,039.8","1,045.1","1,042.6","1,033.1","1,024.0","1,015.4","1,015.8","1,013.1","1,010.7","1,012.6","1,016.5","1,026.9","1,034.2","1,038.8","1,039.9","1,030.5","1,024.0","1,013.8","1,012.2","1,007.1","1,001.7","998.5","1,003.5","1,013.0","1,025.5","1,034.1","1,040.4","1,038.6","1,034.4","1,029.5","1,023.2","1,017.8","1,012.0","1,004.3","983.1","973.1","984.8","1,008.8","1,026.2","1,024.5","1,023.0","1,010.3","996.5","984.3","980.6","983.6","993.7","1,003.9","1,015.4","1,016.9","1,017.5","1,010.5","1,003.2","994.5","995.1","1,000.7","1,005.0","1,004.3","1,006.8","1,013.5","1,022.6","1,023.8","1,027.8","1,019.3","1,020.2","1,013.2","1,013.6","1,008.2","1,007.1","1,011.2","1,772.8","1,768.4","1,773.8","1,777.7","1,802.7","1,823.0","1,836.4","1,828.0","1,801.8","1,774.8","1,752.3","1,750.6","1,749.7","1,751.9","1,747.9","1,748.3","1,757.6","1,775.2","1,786.8","1,787.3","1,769.9","1,767.7","1,768.0","1,783.1","1,794.1","1,802.9","1,800.9","1,791.2","1,795.5","1,808.9","1,825.4","1,827.7","1,821.1","1,811.4","1,800.9","1,797.4","1,785.5","1,775.3","1,767.0","1,773.0","1,768.1","1,772.8","1,776.8","1,787.2","1,775.6","1,762.7","1,759.5","1,770.7","1,782.4","1,789.9","1,797.4","1,795.8","1,797.6","1,792.3","1,797.1","1,800.7","1,797.3","1,799.5","1,794.3","1,803.0","1,800.6","1,792.9","1,776.6","1,764.3","1,776.0","1,794.5","1,818.8","1,830.7","1,829.1","1,823.7","1,810.9","1,805.4","1,792.7","1,794.8","1,803.0","1,822.9","1,836.4","1,849.4","1,861.0","1,857.0","1,836.3","1,803.7","1,783.9","1,783.3","1,780.3","1,782.9","1,773.9","1,744.5","1,737.5","1,755.1","1,813.9","1,841.8","1,841.4","1,826.9","1,811.3","1,806.1","1,803.2","1,806.1","1,811.3","1,811.0","1,805.4","1,789.8","1,785.9","1,780.9","1,781.2","1,763.1","1,755.3","1,754.3","1,761.4","1,769.9","1,775.8","1,788.3","1,801.7","1,820.0","1,829.5","1,825.6","1,801.6","1,785.2","1,775.9","1,783.2","1,793.8","1,802.5","1,811.4","1,736.2","1,741.6","1,737.0","1,734.1","1,737.6","1,738.7","1,742.5","1,743.0","1,738.1","1,734.5","1,720.1","1,729.4","1,741.6","1,756.1","1,760.0","1,761.6","1,771.2","1,783.8","1,790.5","1,791.5","1,778.9","1,769.3","1,756.7","1,746.0","1,741.0","1,737.9","1,755.6","1,762.5","1,779.2","1,785.3","1,796.3","1,796.2","1,792.2","1,795.5","1,793.2","1,796.1","1,793.3","1,794.6","1,797.3","1,797.1","1,805.2","1,811.2","1,821.8","1,828.9","1,820.4","1,809.7","1,785.3","1,779.2","1,769.7","1,775.8","1,782.1","1,788.5","1,810.3","1,832.7","1,855.6","1,862.8","1,851.1","1,846.7","1,845.4","1,857.3","1,853.3","1,837.2","1,823.8","1,825.0","1,823.7","1,823.0","1,824.2","1,832.5","1,831.2","1,818.3","1,803.8","1,795.4","1,784.1","1,775.6","1,774.0","1,792.4","1,825.9","1,852.1","1,874.0","1,884.7","1,869.4","1,839.5","1,800.3","1,790.4","1,778.8","1,767.0","1,748.6","1,718.2","1,705.7","1,735.0","1,791.9","1,841.2","1,839.8","1,841.8","1,833.0","1,827.2","1,818.3","1,813.1","1,821.5","1,817.4","1,814.1","1,815.9","1,821.4","1,830.6","1,821.6","1,817.4","1,810.3","1,800.2","1,788.7","1,784.8","1,802.0","1,819.6","1,831.4","1,842.2","1,857.7","1,870.3","1,865.8","1,860.7","1,851.4","1,840.7","1,822.0","1,808.7","1,804.8"


"Table Corrections:"
Date,Note
"","Data for December 2020 was corrected on April 15, 2021."



Footnotes:
1,"To ensure respondent confidentiality, estimates below a certain threshold are suppressed. For Canada, Quebec, Ontario, Alberta and British Columbia suppression is applied to all data below 1,500. The threshold level for Newfoundland and Labrador, Nova Scotia, New Brunswick, Manitoba and Saskatchewan is 500, while in Prince Edward Island, estimates under 200 are supressed. For census metropolitan areas (CMAs) and economic regions (ERs), use their respective provincial suppression levels mentioned above. Estimates are based on smaller sample sizes the more detailed the table becomes, which could result in lower data quality."
2,"Excluding the territories."
3,"Number of civilian, non-institutionalized persons 15 years of age and over who, during the reference week, were employed or unemployed. Estimates in thousands, rounded to the nearest hundred."
4,"The sum of "Landed immigrants" and "Born in Canada" do not add up to the "Total". Included in the total are Canadian citizens born outside Canada and non-permanent residents."
5,"Refers to people who are, or have been, landed immigrants in Canada. A landed immigrant is a person who has been granted the right to live in Canada permanently by immigration authorities. Canadian citizens by birth and non-permanent residents (persons from another country who live in Canada and have a work or study permit, or are claiming refugee status, as well as family members living here with them) are not landed immigrants."



"How to cite: Statistics Canada. Table 14-10-0082-01  Labour force characteristics by immigrant status, three-month moving average, unadjusted for seasonality"
https://www150.statcan.gc.ca/t1/tbl1/en/tv.action?pid=1410008201